"author-name","author-wikidata-id","date-of-birth","date-of-death","title","subtitle","year","genre","source-url"
"Arnim, Gisela von","Q77411","1827-08-30","1889-04-04","Das Herz der Laïs","Drama in einem Akt","1857","","https://books.google.de/books?id=cBgPAAAAIAAJ&hl=de&pg=RA2-PA280-IA11"
"Arnim, Gisela von","Q77411","1827-08-30","1889-04-04","Ingeborg von Dänemark","Drama in drei Akten","1857","tragedy","https://books.google.de/books?id=cBgPAAAAIAAJ&hl=de&pg=PA3"
"Arnim, Gisela von","Q77411","1827-08-30","1889-04-04","Trost in Thränen","Drama in fünf Akten","1857","","https://books.google.de/books?id=1V06AAAAcAAJ&hl=de&pg=PA7"
"Arnim, Gisela von","Q77411","1827-08-30","1889-04-04","Das Steinbild der Cornelia","Drama in fünf Akten","1865","","https://books.google.de/books?id=NJdOAQAAMAAJ&hl=de&pg=PA1"
"Arnim, Gisela von","Q77411","1827-08-30","1889-04-04","Das Licht","Festspiel zum Geburtstag des Weisen","1870","","https://books.google.de/books?id=_XMYAAAAYAAJ"
"Arnim, Gisela von","Q77411","1827-08-30","1889-04-04","Wie es unterdessen Daheim war","Dramatische Erzählung","1875","","https://books.google.de/books?id=5pOU9zBEo9wC"
"Arnim, Gisela von","Q77411","1827-08-30","1889-04-04","Alt Schottland","Drama","1890","","https://books.google.de/books?id=zoF7af8GqzIC"
"Aubin, Maria","Q98688605","1847-04-20","1920-08-09","Die Erzieherin","Lustspiel in einem Akte","1882","comedy","https://haab-digital.klassik-stiftung.de/viewer/!metadata/82055412X/1/LOG_0006/"
"Bernstein, Caroline","Q1044452","1797-07-08","1838-11-18","Das eingebrachte Stündchen oder Gellert im Schlafrock","Original-Lustspiel in einem Aufzuge (nach einer Anekdote)","1831","comedy","https://books.google.com/books?id=ocE6AAAAcAAJ&pg=PA63"
"Bernstein, Elsa","Q107883","1866-10-28","1949-07-12","Wir Drei","Fünf Akte","1893","","https://www.archive.org/details/wirdreifnfakte00rosm"
"Bernstein, Elsa","Q107883","1866-10-28","1949-07-12","Dämmerung","Schauspiel in fünf Akten","1893","","https://books.google.de/books?id=qhDmfks20O0C"
"Bernstein, Elsa","Q107883","1866-10-28","1949-07-12","Königskinder ","Ein deutsches Märchen in 3 Akten","1895","","https://books.google.de/books?id=jN_THeGgxeoC"
"Bernstein, Elsa","Q107883","1866-10-28","1949-07-12","Tedeum","Gemütskomödie in fünf Akten","1896","comedy","https://books.google.de/books?id=Mhw8AQAAMAAJ"
"Bernstein, Elsa","Q107883","1866-10-28","1949-07-12","Themistokles","Tragödie in fünf Akten","1897","tragedy","https://books.google.de/books?id=P_hWogXIGCwC"
"Birch-Pfeiffer, Charlotte","Q68117","1800-06-23","1868-08-25","Herma und Die Söhne der Rache","Romantisches Gemälde der Vorzeit","1828","","https://www.digitale-sammlungen.de/de/view/bsb10105769?page=7"
"Birch-Pfeiffer, Charlotte","Q68117","1800-06-23","1868-08-25","Ferdinand Avelli","Drama in drei Akten","1830","","https://www.digitale-sammlungen.de/de/view/bsb10105778?page=251"
"Birch-Pfeiffer, Charlotte","Q68117","1800-06-23","1868-08-25","Der Glöckner von Notre-Dame","Romantisches Drama in sechs Tableaux","1830","","https://www.digitale-sammlungen.de/de/view/bsb10105779?page=257"
"Birch-Pfeiffer, Charlotte","Q68117","1800-06-23","1868-08-25","Peter von Stàpàr","Historisches Schauspiel in fünf Akten","1831","","https://www.digitale-sammlungen.de/de/view/bsb11013845?page=239"
"Birch-Pfeiffer, Charlotte","Q68117","1800-06-23","1868-08-25","Waldemar's Traum","Historisch-Romantisches Schauspiel in fünf Akten, mit einem Vorspiele: Das Vermächtniß","1831","","https://www.digitale-sammlungen.de/de/view/bsb11336659?page=195"
"Birch-Pfeiffer, Charlotte","Q68117","1800-06-23","1868-08-25","Die Engländer in Paris","Posse in vier Akten","1833","comedy","https://www.digitale-sammlungen.de/de/view/bsb11360071?page=207"
"Birch-Pfeiffer, Charlotte","Q68117","1800-06-23","1868-08-25","Die Taube von Cerdrons","Drama in fünf Aufzüge","1833","","https://www.digitale-sammlungen.de/de/view/bsb10105776?page=123"
"Birch-Pfeiffer, Charlotte","Q68117","1800-06-23","1868-08-25","Schloss Greiffenstein, oder Der Sammtschuh","Romantisches Schauspiel in fünf Aufzügen nebst einem Vorspiele","1833","","https://books.google.de/books?id=i2zPAAAAMAAJ"
"Birch-Pfeiffer, Charlotte","Q68117","1800-06-23","1868-08-25","Hinko","Drama in fünf Akten und einem Vorspiel","1834","","https://www.digitale-sammlungen.de/de/view/bsb11013844?page=7"
"Birch-Pfeiffer, Charlotte","Q68117","1800-06-23","1868-08-25","Der Scheiben-Toni","National-Schauspiel in vier Akten","1834","","https://www.digitale-sammlungen.de/de/view/bsb11377166?page=239"
"Birch-Pfeiffer, Charlotte","Q68117","1800-06-23","1868-08-25","Rubens in Madrid","Original-Lustspiel in fünf Akten","1836","comedy","https://reader.digitale-sammlungen.de/de/fs1/object/display/bsb10105769_00193.html"
"Birch-Pfeiffer, Charlotte","Q68117","1800-06-23","1868-08-25","Der Liebe Streit","Festspiel zur Feier der Ankunft Seiner Majestät Otto des Ersten","1836","","https://books.google.de/books?id=LCJRAAAAcAAJ"
"Birch-Pfeiffer, Charlotte","Q68117","1800-06-23","1868-08-25","Eine deutsche Pariserin oder Onkel und Nichte","Lustspiel in fünf Akten","1836","comedy","https://www.digitale-sammlungen.de/de/view/bsb10105774?page=5"
"Birch-Pfeiffer, Charlotte","Q68117","1800-06-23","1868-08-25","Die Ritter von Malta, oder Die Kraft des Firmans","Romantisches Drama in sechs Aufzügen","1836","","https://www.digitale-sammlungen.de/de/view/bsb11013845?page=3"
"Birch-Pfeiffer, Charlotte","Q68117","1800-06-23","1868-08-25","Wie ist das zugegangen?","Lustspiel in einem Akt","1836","comedy","https://www.digitale-sammlungen.de/de/view/bsb10128154?page=15 "
"Birch-Pfeiffer, Charlotte","Q68117","1800-06-23","1868-08-25","Ulrich Zwingli's Tod","Historisches Trauerspiel in fünf Akten","1837","tragedy","https://www.digitale-sammlungen.de/de/view/bsb10105777?page=87"
"Birch-Pfeiffer, Charlotte","Q68117","1800-06-23","1868-08-25","Die Anglikaner und Puritaner","Große Oper in 5 Akten","1838","","https://books.google.de/books?id=LxRRAAAAcAAJ"
"Birch-Pfeiffer, Charlotte","Q68117","1800-06-23","1868-08-25","Elisabeth von England","Historisches Original-Drama in fünf Akten und einem Nachspiel","1841","","https://www.digitale-sammlungen.de/de/view/bsb10105772?page=253"
"Birch-Pfeiffer, Charlotte","Q68117","1800-06-23","1868-08-25","Nacht und Morgen","Drama in vier Abteilungen und fünf Akten","1842","","https://www.digitale-sammlungen.de/de/view/bsb10105771?page=145"
"Birch-Pfeiffer, Charlotte","Q68117","1800-06-23","1868-08-25","Steffen Langer aus Glogau, oder, Der holländische Kamin","Original-Lustspiel in vier Akten und einem Vorspiel: Der Kaiser und der Seiler, in einem Akt","1843","comedy","https://www.archive.org/details/steffenlangeraus00birc"
"Birch-Pfeiffer, Charlotte","Q68117","1800-06-23","1868-08-25","Simon","Schauspiel in fünf Akten","1843","","https://www.digitale-sammlungen.de/de/view/bsb11013844?page=239"
"Birch-Pfeiffer, Charlotte","Q68117","1800-06-23","1868-08-25","Mutter und Sohn","Schauspiel in zwei Abteilungen und fünf Akten","1843","","https://www.digitale-sammlungen.de/de/view/bsb11360071?page=101"
"Birch-Pfeiffer, Charlotte","Q68117","1800-06-23","1868-08-25","Die Marquise von Villette","Original-Lustspiel in fünf Akten","1844","comedy","https://www.digitale-sammlungen.de/de/view/bsb10105770?page=5"
"Birch-Pfeiffer, Charlotte","Q68117","1800-06-23","1868-08-25","Gasthaus-Abenteuer","Posse in drei Akten","1848","comedy","https://www.digitale-sammlungen.de/de/view/bsb10105778?page=125"
"Birch-Pfeiffer, Charlotte","Q68117","1800-06-23","1868-08-25","Der Pfarrherr","Original-Lustspiel in fünf Akten","1848","comedy","https://www.digitale-sammlungen.de/de/view/bsb10105770?page=231"
"Birch-Pfeiffer, Charlotte","Q68117","1800-06-23","1868-08-25","Ein Sonderling und seine Familie","Original-Lustspiel in fünf Akten","1848","comedy","https://www.digitale-sammlungen.de/de/view/bsb10105773?page=209"
"Birch-Pfeiffer, Charlotte","Q68117","1800-06-23","1868-08-25","Alles für Andere","Original-Lustspiel in einem Akt","1848","comedy","https://www.digitale-sammlungen.de/de/view/bsb11336211?page=163"
"Birch-Pfeiffer, Charlotte","Q68117","1800-06-23","1868-08-25","Kaiser Karls Schwerdt, oder: Der Leyer-Kasper","Schauspiel in fünf Akten nach Immermann's Roman","1849","","https://www.digitale-sammlungen.de/de/view/bsb10105773?page=125"
"Birch-Pfeiffer, Charlotte","Q68117","1800-06-23","1868-08-25","Die Rose von Avignon","Romantisches Schauspiel in vier Akten","1850","","https://www.digitale-sammlungen.de/de/view/bsb10105774?page=107"
"Birch-Pfeiffer, Charlotte","Q68117","1800-06-23","1868-08-25","Das Forsthaus","Original-Schauspiel in zwei Abteilungen und vier Akten","1850","","https://www.digitale-sammlungen.de/de/view/bsb11377166?page=135"
"Birch-Pfeiffer, Charlotte","Q68117","1800-06-23","1868-08-25","Wie man Häuser baut","Lokales Zeitgemälde in vier Akten mit freier Benutzung einer historischen Anekdote","1851","","https://books.google.de/books?id=TdkRd3BPe_sC"
"Birch-Pfeiffer, Charlotte","Q68117","1800-06-23","1868-08-25","Die Grossfürstin","Romantisch komische Oper in zwei Abtheilungen und vier Alten","1851","","https://books.google.de/books?id=C79DAAAAcAAJ"
"Birch-Pfeiffer, Charlotte","Q68117","1800-06-23","1868-08-25","Magdala","Original-Drama in vier Akten","1851","","https://www.digitale-sammlungen.de/de/view/bsb10105775?page=251"
"Birch-Pfeiffer, Charlotte","Q68117","1800-06-23","1868-08-25","Eine Frau aus der City","Schauspiel in vier Akten","1852","","https://www.digitale-sammlungen.de/de/view/bsb10105771?page=325"
"Birch-Pfeiffer, Charlotte","Q68117","1800-06-23","1868-08-25","Ein alter Musikant","Drama in einem Akt","1852","","https://www.digitale-sammlungen.de/de/view/bsb11336211?page=123"
"Birch-Pfeiffer, Charlotte","Q68117","1800-06-23","1868-08-25","Rose und Röschen","Original-Schauspiel in vier Akten","1853","","https://books.google.de/books?id=VbM7AAAAcAAJ"
"Birch-Pfeiffer, Charlotte","Q68117","1800-06-23","1868-08-25","Tony","Romantische Oper in drei Aufzügen","1854","","https://books.google.de/books?id=w8tDAAAAcAAJ"
"Birch-Pfeiffer, Charlotte","Q68117","1800-06-23","1868-08-25","Die Lady von Worsley-Hall","Schauspiel in zwei Abteilungen und fünf Akten","1855","","https://www.digitale-sammlungen.de/de/view/bsb10105772?page=115"
"Birch-Pfeiffer, Charlotte","Q68117","1800-06-23","1868-08-25","Iffland","Zeitbild in drei Abteilungen und vier Akten","1858","","https://www.digitale-sammlungen.de/de/view/bsb10105774?page=219"
"Birch-Pfeiffer, Charlotte","Q68117","1800-06-23","1868-08-25","Fräulein Höckerchen","Original-Lustspiel in drei Akten","1858","comedy","https://www.digitale-sammlungen.de/de/view/bsb10105772?page=3"
"Birch-Pfeiffer, Charlotte","Q68117","1800-06-23","1868-08-25","Der Goldbauer","Original-Schauspiel in vier Akten","1860","","https://www.digitale-sammlungen.de/de/view/bsb10105771?page=11"
"Birch-Pfeiffer, Charlotte","Q68117","1800-06-23","1868-08-25","Ein Kind des Glücks","Original-Charakter-Lustspiel in fünf Akten","1860","comedy","https://books.google.de/books?id=0ZHnM9xPuL0C"
"Birch-Pfeiffer, Charlotte","Q68117","1800-06-23","1868-08-25","Eine Sylvesternacht","Schauspiel in zwei Abteilungen und vier Akten","1862","","https://www.digitale-sammlungen.de/de/view/bsb10105776?page=7"
"Birch-Pfeiffer, Charlotte","Q68117","1800-06-23","1868-08-25","Eine Tochter des Südens","Schauspiel in fünf Akten, mit freier Benutzung des Romans der Kavanagh","1862","","https://www.digitale-sammlungen.de/de/view/bsb10105773?page=3"
"Birch-Pfeiffer, Charlotte","Q68117","1800-06-23","1868-08-25","Katharina II. und ihr Hof","Original-Schauspiel in vier Akten","1863","","https://www.digitale-sammlungen.de/de/view/bsb11360071?page=7"
"Birch-Pfeiffer, Charlotte","Q68117","1800-06-23","1868-08-25","Königin Bell","Schauspiel in zwei Abteilungen und fünf Akten","1863","","https://www.digitale-sammlungen.de/de/view/bsb10105775?page=133"
"Birch-Pfeiffer, Charlotte","Q68117","1800-06-23","1868-08-25","Der Cassationsrath","Lustspiel in einem Akt","1864","comedy","https://www.digitale-sammlungen.de/de/view/bsb11336659?page=9"
"Birch-Pfeiffer, Charlotte","Q68117","1800-06-23","1868-08-25","Junge Alte","Original-Lustspiel in einem Akt","1865","comedy","https://www.digitale-sammlungen.de/de/view/bsb10105778?page=205"
"Birch-Pfeiffer, Charlotte","Q68117","1800-06-23","1868-08-25","Der Leiermann und sein Pflegekind","Original-Volksstück in fünf Aufzügen","1865","","https://babel.hathitrust.org/cgi/pt?id=wu.89006084123"
"Birch-Pfeiffer, Charlotte","Q68117","1800-06-23","1868-08-25","Revanche","Lustspiel in zwei Akten","1865","comedy","https://www.digitale-sammlungen.de/de/view/bsb10105779?page=191"
"Birch-Pfeiffer, Charlotte","Q68117","1800-06-23","1868-08-25","Die Frau in Weiß","Drama in drei Abteilungen und fünf Akten","1866","","https://www.digitale-sammlungen.de/de/view/bsb10105779?page=7"
"Birch-Pfeiffer, Charlotte","Q68117","1800-06-23","1868-08-25","Der Herr Studiosus","Charaktergemälde in einem Akt","1866","","https://www.digitale-sammlungen.de/de/view/bsb10105779?page=137"
"Birch-Pfeiffer, Charlotte","Q68117","1800-06-23","1868-08-25","Das Testament eines Sonderlings","Schauspiel in fünf Akten","1867","","https://www.digitale-sammlungen.de/de/view/bsb11013844?page=115"
"Birch-Pfeiffer, Charlotte","Q68117","1800-06-23","1868-08-25","Wer ist sie?","Original-Schauspiel in vier Akten","1868","","https://www.digitale-sammlungen.de/de/view/bsb11013845?page=113"
"Birch-Pfeiffer, Charlotte","Q68117","1800-06-23","1868-08-25","Die Waise aus Lowood","Schauspiel in zwei Abteilungen und vier Akten","1876","","https://www.digitale-sammlungen.de/de/view/bsb11336659?page=41"
"Birch-Pfeiffer, Charlotte","Q68117","1800-06-23","1868-08-25","Graf von Falkenberg","Schwank in einem Akt","1876","comedy","https://www.digitale-sammlungen.de/de/view/bsb11336659?page=157"
"Bloch, Bianca","Q108495095","1800-06-23","1868-08-25","Maiwein","Lustspiel in einem Akt","1880","comedy","https://nbn-resolving.org/urn:nbn:de:hbz:6-13659547230"
"Bloch, Bianca","Q108495095","1800-06-23","1868-08-25","Helene","Lustspiel in einem Akt","1880","comedy","https://nbn-resolving.org/urn:nbn:de:hbz:6-13659541702"
"Bürger, Elise","Q1330617","1769-11-19","1833-11-24","Die Heirathslustigen","Nachspiel in einem Aufzuge","1801","","https://books.google.com/books?id=0JRIAAAAcAAJ&pg=PA63"
"Bürger, Elise","Q1330617","1769-11-19","1833-11-24","Die Überraschung","Familiengemählde in einem Acte. Als Prolog zum Geburtstage Sr. Majestät der Königinn Charlotte verfaßt","1801","","https://reader.digitale-sammlungen.de/de/fs1/object/display/bsb10056919_00003.html "
"Bürger, Elise","Q1330617","1769-11-19","1833-11-24","Das Bouquet","Schauspiel in zwei Akten","1801","","https://books.google.de/books?id=0JRIAAAAcAAJ&hl=de&pg=PA3"
"Bürger, Elise","Q1330617","1769-11-19","1833-11-24","Die antike Statue aus Florenz","[Scherzspiel]","1815","comedy","https://doi.org/10.1353/gyr.2011.0084"
"Christen, Ada","Q85002","1839-03-06","1901-05-19","""Das"" Loch in der Wand","Posse mit Gesang in einem Akt","1860","comedy","https://books.google.de/books?id=_W2Dn1rjmGUC"
"Christen, Ada","Q85002","1839-03-06","1901-05-19","Die Häuslerin","Volksstück in vier Aufzügen","1867","","https://books.google.de/books?id=mbo7AAAAcAAJ"
"Christen, Ada","Q85002","1839-03-06","1901-05-19","Faustina","Drama in fünf Akten","1871","","https://anno.onb.ac.at/cgi-content/anno-buch?apm=0&aid=155"
"Cosmar, Antonie von","Q2653682","1806","1870","Der Wundertrank","Dramatische Aufgabe in einem Aufzuge, nach dem Französischen: »la Fiole de Cagliostro« bearbeitet","1837","","https://books.google.com/books?id=c0E7AAAAcAAJ&pg=PA61"
"Cosmar, Antonie von","Q2653682","1806","1870","Ehestandswirren","Lustspiel in einem Aufzuge, frei nach dem Französischen","1838","comedy","https://books.google.com/books?id=m0E7AAAAcAAJ&pg=PA45"
"Cosmar, Antonie von","Q2653682","1806","1870","Die Eröffnungs-Rede","Lustspiel in einem Aufzuge, nach Rougemont","1840","comedy","https://books.google.com/books?id=4EE7AAAAcAAJ&pg=PA97"
"Delle Grazie, Marie Eugenie","Q1484417","1864-08-14","1931-02-19","Saul","Tragödie in fünf Akten","1885","tragedy","https://books.google.de/books?id=BHFVAAAAYAAJ"
"Delle Grazie, Marie Eugenie","Q1484417","1864-08-14","1931-02-19","Moralische Walpurgisnacht","Ein Satyrspiel vor der Tragödie","1896","comedy","https://anno.onb.ac.at/cgi-content/anno-buch?bid=AC06729058"
"Delle Grazie, Marie Eugenie","Q1484417","1864-08-14","1931-02-19","Schlagende Wetter","Drama in vier Akten","1899","","https://books.google.de/books?id=wpZEAAAAIAAJ"
"Déry, Juliane","Q986949","1861-07-10","1899-03-31","Verlobung bei Pignerols","Lustspiel in einem Aufzug","1888","comedy","https://archive.org/details/verlobungbeipign00dr"
"Déry, Juliane","Q986949","1861-07-10","1899-03-31","Es fiel ein Reif","Drama in einem Akt","1896","","https://archive.org/details/esfieleinreifdra00dr"
"Déry, Juliane","Q986949","1861-07-10","1899-03-31","Die Schand","Volksstück in sechs Bildern","1897","","https://books.google.de/books?id=N1IuAAAAYAAJ"
"Déry, Juliane","Q986949","1861-07-10","1899-03-31","Die sieben mageren Kühe","Komödie in drei Akten","1897","comedy","https://books.google.de/books?id=eVIuAAAAYAAJ"
"Druskowitz, Helene von","Q86525","1856-05-02","1918-05-31","Sultan und Prinz","Trauerspiel in fünf Aufzügen","1881","tragedy","https://books.google.com/books?id=nuOc9p3zNBcC"
"Druskowitz, Helene von","Q86525","1856-05-02","1918-05-31","Der Präsident vom Zither-Club","Original-Posse in vier Aufzügen","1884","comedy","http://resolver.staatsbibliothek-berlin.de/SBB00002C8A00000000"
"Druskowitz, Helene von","Q86525","1856-05-02","1918-05-31","Aspasia","Lustspiel in fünf Aufzügen","1889","comedy","https://nbn-resolving.de/urn:nbn:de:gbv:32-1-10031628783"
"Druskowitz, Helene von","Q86525","1856-05-02","1918-05-31","International","Dramatischer Scherz in drei Akten","1890","comedy","https://nbn-resolving.de/urn:nbn:de:gbv:32-1-10031628020"
"Druskowitz, Helene von","Q86525","1856-05-02","1918-05-31","Die Pädagogin","Dramatischer Scherz in drei Akten","1890","comedy","http://resolver.staatsbibliothek-berlin.de/SBB0002B1EF00000000"
"Ebner-Eschenbach, Marie von","Q93525","1830-09-13","1918-05-31","Maria Stuart in Schottland","[Tragisches] Schauspiel in fünf Aufzügen","1860","tragedy","https://doi.org/10.1515/9783110917918.9"
"Ebner-Eschenbach, Marie von","Q93525","1830-09-13","1918-05-31","Die Schauspielerin","Drama in drei Aufzügen","1861","","https://doi.org/10.1515/9783110233070.195"
"Ebner-Eschenbach, Marie von","Q93525","1830-09-13","1916-03-12","Das Geständnis","Drama in vier Aufzügen","1861","","https://doi.org/10.1515/9783110233070.1"
"Ebner-Eschenbach, Marie von","Q93525","1830-09-13","1916-03-12","Mutter und Braut","Schauspiel in vier Aufzügen","1863","","https://doi.org/10.1515/9783110233070.83"
"Ebner-Eschenbach, Marie von","Q93525","1830-09-13","1916-03-12","Marie Roland","Trauerspiel in fünf Aufzügen","1867","tragedy","https://doi.org/10.1515/9783110917918.381"
"Ebner-Eschenbach, Marie von","Q93525","1830-09-13","1916-03-12","Das Bekenntniß","","1881","","https://doi.org/10.1515/9783110233070.833"
"Ellmenreich, Friederike","Q1457035","1775-10-24","1845-04-05","Die beiden Wittwen oder: Der Kontrast","Lustspiel in einem Aufzug. Frei nach dem Französischen bearbeitet","1822","comedy","https://books.google.com/books?id=iEqrdY4uTxcC&pg=RA1-PA1"
"Ellmenreich, Friederike","Q1457035","1775-10-24","1845-04-05","Der entführte Offizier","Lustspiel in einem Aufzug","1823","comedy","https://books.google.com/books?id=z1dFWhS9SucC&pg=RA1-PA3"
"Ellmenreich, Friederike","Q1457035","1775-10-24","1845-04-05","Der Grosspapa","Lustspiel in einem Aufzug. Frei nach dem Französischen bearbeitet","1824","comedy","https://books.google.com/books?id=iEqrdY4uTxcC&pg=RA3-PA1"
"Ellmenreich, Friederike","Q1457035","1775-10-24","1845-04-05","Das beste Loos: Ein Mann!","Lustspiel in einem Aufzug. Frei nach dem Französischen bearbeitet","1827","comedy","https://books.google.com/books?id=z1dFWhS9SucC&pg=RA2-PA1"
"Ellmenreich, Friederike","Q1457035","1775-10-24","1845-04-05","Der Vampyr","Posse in einem Aufzug. Nach dem Französischen des Scribe","1827","comedy","https://books.google.com/books?id=iEqrdY4uTxcC&pg=RA2-PA1"
"Ellmenreich, Friederike","Q1457035","1775-10-24","1845-04-05","Michel und Christine","Lustspiel in einem Aufzug. Frei nach dem Französischen bearbeitet","1827","comedy","https://books.google.com/books?id=z1dFWhS9SucC&pg=PA1"
"Ellmenreich, Friederike","Q1457035","1775-10-24","1845-04-05","Röschens Aussteuer oder: Das Duell","Lustspiel in drei Aufzügen. Frei nach dem Französischen bearbeitet","1827","comedy","https://books.google.de/books?id=iEqrdY4uTxcC&hl=de&pg=PA3"
"Ellmenreich, Friederike","Q1457035","1775-10-24","1845-04-05","Die Nachtwandlerin","Lustspiel in zwei Aufzügen. Frei nach dem Französischen des Scribé","1827","comedy","https://books.google.de/books?id=z1dFWhS9SucC&hl=de&pg=RA3-PA3"
"Franz, Agnes","Q394517","1794-02-08","1843-05-13","Das Mädchen aus der Fremde","Festspiel am Geburtstage einer guten Mutter","1841","","https://books.google.de/books?id=LyJdAAAAcAAJ&hl=de&pg=PP11"
"Franz, Agnes","Q394517","1794-02-08","1843-05-13","Das Angebinde","Drama in einem Aufzuge","1841","","https://books.google.de/books?id=LyJdAAAAcAAJ&hl=de&pg=PP21"
"Franz, Agnes","Q394517","1794-02-08","1843-05-13","Die Tafelbirnen","Lustspiel in zwei Aufzügen","1841","comedy","https://books.google.de/books?id=LyJdAAAAcAAJ&hl=de&pg=PP39"
"Franz, Agnes","Q394517","1794-02-08","1843-05-13","Reckerhänschen und Rübenzahl","Lustspiel in zwei Aufzügen","1841","comedy","https://books.google.de/books?id=LyJdAAAAcAAJ&hl=de&pg=PP63"
"Franz, Agnes","Q394517","1794-02-08","1843-05-13","Der Blumenkranz","Festspiel am Geburtstage einer guten Mutter","1841","","https://books.google.de/books?id=LyJdAAAAcAAJ&hl=de&pg=PP87"
"Franz, Agnes","Q394517","1794-02-08","1843-05-13","Des Fürsten Geburtstag","Ein Festspiel","1841","","https://books.google.de/books?id=LyJdAAAAcAAJ&hl=de&pg=PP95"
"Franz, Agnes","Q394517","1794-02-08","1843-05-13","Der Bettler von St Augustin","Drama in einem Akt","1841","","https://books.google.de/books?id=LyJdAAAAcAAJ&hl=de&pg=PP111"
"Franz, Agnes","Q394517","1794-02-08","1843-05-13","Der Besuch aus der Residenz","Drama in einem Akt","1841","","https://books.google.de/books?id=LyJdAAAAcAAJ&hl=de&pg=PP131"
"Franz, Agnes","Q394517","1794-02-08","1843-05-13","Frau Diavolo oder Des Kindes Gebet","Schauspiel in einem Akt","1841","","https://books.google.de/books?id=LyJdAAAAcAAJ&hl=de&pg=PP153"
"Franz, Agnes","Q394517","1794-02-08","1843-05-13","Der goldne Kranz","Festspiel zur Jubelhochzeit","1841","","https://books.google.de/books?id=LyJdAAAAcAAJ&hl=de&pg=PP171"
"Franz, Agnes","Q394517","1794-02-08","1843-05-13","Das gestörte Winzerfest","Liederspiel in zwei Aufzügen","1862","","https://books.google.com/books?id=E0NgaUiSZskC"
"Friedländer, Rebecca","Q1297391","1783-10-04","1850-08-30","Der Geschäftige","Ein Lustspiel in einem Aufzuge. Nach: Il veut tout faire, von Collin d'Harleville, frei bearbeitet","1812","comedy","https://books.google.com/books?id=q6-vu1QSHzQC&printsec=frontcover"
"Friedländer, Rebecca","Q1297391","1783-10-04","1850-08-30","Das unvermuthete Zusammentreffen oder: So rächt sich eine Deutsche","Ein Lustspiel in einem Akte. Nach einem französischen Vaudeville","1815","comedy","https://books.google.com/books?id=B5xmAAAAcAAJ&pg=PA113"
"Friedländer, Rebecca","Q1297391","1783-10-04","1850-08-30","Onkel und Neffe","Ein Lustspiel in drei Aufzügen. Nach: Les Femmes von Demoustier ","1817","comedy","https://digital.onb.ac.at/OnbViewer/viewer.faces?doc=ABO_%2BZ220174502"
"Friedländer, Rebecca","Q1297391","1783-10-04","1850-08-30","So bezahlt man seine Schulden ","Ein Lustspiel in drei Aufzügen. Nach: Les Étourdis von Andrieux","1817","comedy","https://digital.onb.ac.at/OnbViewer/viewer.faces?doc=ABO_%2BZ220174502"
"Friedländer, Rebecca","Q1297391","1783-10-04","1850-08-30","Rosalie oder: Sie besinnt sich anders","Ein Lustspiel in einem Akte. Nach dem Französischen","1818","comedy","https://books.google.com/books?id=B5xmAAAAcAAJ&pg=PA185"
"Friedländer, Rebecca","Q1297391","1783-10-04","1850-08-30","Alter und Jugend","Ein Lustspiel in fünf Aufzügen. Nach: Le Vieillard et les jeunes gens von Collin d’Harlevielle","1818","comedy","https://digital.onb.ac.at/OnbViewer/viewer.faces?doc=ABO_%2BZ220174605"
"Götze, Auguste","Q766558","1840-02-24","1908-04-29","Eine Heimfahrt","Drama in vier Akten","1879","","https://haab-digital.klassik-stiftung.de/viewer/resolver?urn=urn:nbn:de:gbv:32-1-10030461865"
"Götze, Auguste","Q766558","1840-02-24","1908-04-29","""Nur kein Blaustrumpf""","Lustspiel in einem Akt","1881","comedy","https://haab-digital.klassik-stiftung.de/viewer/resolver?urn=urn:nbn:de:gbv:32-1-10030461105"
"Götze, Auguste","Q766558","1840-02-24","1908-04-29","Alpenstürme","Drama in einem Akt","1886","","https://haab-digital.klassik-stiftung.de/viewer/resolver?urn=urn:nbn:de:gbv:32-1-10030461488"
"Götze, Auguste","Q766558","1840-02-24","1908-04-29","Isolde","Drama in fünf Akten","1895","","https://katalog.ub.uni-leipzig.de/Record/0-1657903834"
"Götze, Auguste","Q766558","1840-02-24","1908-04-29","Demetrius","Trauerspiel in fünf Acten nach Schiller's Entwurf","1897","tragedy","https://haab-digital.klassik-stiftung.de/viewer/image/1167278941/2/LOG_0000/"
"Grans, Agnes Charlotte Elise","Q95187671","1828-01-13","","Ueber den Ocean","Drama in fünf Aufzügen aus englisch-indischer Geschichte","1858","","https://books.google.de/books?id=-6kSDMdzkuoC"
"Henle, Elise","Q1330639","1832-08-10","1892-08-18","Aus Göthes lustigen Tagen","Original-Lustspiel in vier Akten","1878","comedy","https://haab-digital.klassik-stiftung.de/viewer/!metadata/1278214585/6/-/"
"Henle, Elise","Q1330639","1832-08-10","1892-08-18","Durch die Intendanz","Original-Lustspiel in fünf Akten","1879","comedy","https://mdz-nbn-resolving.de/details:bsb11392044"
"Henle, Elise","Q1330639","1832-08-10","1892-08-18","Entehrt","Schauspiel in fünf Akten","1879","","https://mdz-nbn-resolving.de/details:bsb11391634"
"Henle, Elise","Q1330639","1832-08-10","1892-08-18","Schloß de l'Orme","Romantisch-komische Oper in vier Akten","1880","","http://mdz-nbn-resolving.de/urn:nbn:de:bvb:12-bsb00062999-3"
"Henle, Elise","Q1330639","1832-08-10","1892-08-18","Der Erbonkel","Lustspiel in fünf Aufzügen","1887","comedy","https://digital.blb-karlsruhe.de/urn/urn:nbn:de:bsz:31-89052"
"Henle, Elise","Q1330639","1832-08-10","1892-08-18","Murillo","Oper in vier Akten","1887","","http://mdz-nbn-resolving.de/urn:nbn:de:bvb:12-bsb00063240-0"
"Hillern, Wilhelmine von","Q88281","1836-03-11","1916-12-15","Ein Autographensammler","Characterbild in einem Aufzuge","1868","","https://books.google.de/books?id=G255fXGGh5gC"
"Hillern, Wilhelmine von","Q88281","1836-03-11","1916-12-15","Die Augen der Liebe","Lustspiel in drei Aufzügen","1878","comedy","https://books.google.de/books?id=adgkE6ylmqgC"
"Hillern, Wilhelmine von","Q88281","1836-03-11","1916-12-15","Die Geier-Wally","Schauspiel in fünf Akten und einem Vorspiel „Die Klötze von Rosen“","1880","","https://nbn-resolving.org/urn:nbn:de:bvb:70-dtl-0000016675"
"Hofmann, Kitty","Q95697290","","","Die Angebinde oder Familienliebe","Dramolet in einem Akte. Zur Aufführung für Kinder geordnet","1824","","https://martin-opitz-bibliothek.de/de/elektronischer-lesesaal?action=book&bookId=0257778"
"Hölder, Luise","Q30500554","1763-02-24","1843-04-19","Die bestraften Wildfänge","Lustspiel in einem Akt","1821","comedy","https://books.google.com/books?id=AstDAQAAMAAJ&pg=PA49"
"Hölder, Luise","Q30500554","1763-02-24","1843-04-19","Die Neugierige","Lustspiel in zwei Akten","1821","comedy","https://books.google.de/books?id=AstDAQAAMAAJ&hl=de&pg=PA9"
"Hölder, Luise","Q30500554","1763-02-24","1843-04-19","Das Vogelschießen","Lustspiel in drei Akten","1821","comedy","https://books.google.de/books?id=AstDAQAAMAAJ&hl=de&pg=PA87"
"Hölder, Luise","Q30500554","1763-02-24","1843-04-19","Brigitte, oder sie fällt mit der Thür zum Haus hinein","Schauspiel in einem Akt","1822","","https://books.google.com/books?id=AstDAQAAMAAJ&pg=RA1-PA135"
"Hölder, Luise","Q30500554","1763-02-24","1843-04-19","Der ungezogene Knabe, oder Beispiel einer schlechten Erziehung","Schauspiel in einem Akt","1822","","https://books.google.com/books?id=AstDAQAAMAAJ&pg=RA1-PA39"
"Hölder, Luise","Q30500554","1763-02-24","1843-04-19","Was Hänschen nicht lernt, lernt Hans nimmermehr","Lustspiel in einem Akt","1822","comedy","https://books.google.com/books?id=AstDAQAAMAAJ&pg=RA1-PA101"
"Hölder, Luise","Q30500554","1763-02-24","1843-04-19","Das bestrafte Verbrechen","Schauspiel in einem Akt","1835","","https://books.google.com/books?id=pWkHAAAAQAAJ&pg=PA155"
"Hölder, Luise","Q30500554","1763-02-24","1843-04-19","Das Gespenst","Lustspiel in einem Akt","1835","comedy","https://books.google.com/books?id=pWkHAAAAQAAJ&pg=PA47"
"Hölder, Luise","Q30500554","1763-02-24","1843-04-19","Der Schwarzkünstler","Schauspiel in einem Akt","1835","","https://books.google.com/books?id=pWkHAAAAQAAJ&pg=PA169"
"Hölder, Luise","Q30500554","1763-02-24","1843-04-19","Die arbeitsamen Kinder","Lustspiel in einem Akt","1835","comedy","https://books.google.com/books?id=pWkHAAAAQAAJ&pg=PA61"
"Hölder, Luise","Q30500554","1763-02-24","1843-04-19","Die Modedamen","Lustspiel in einem Act","1835","comedy","https://books.google.com/books?id=pWkHAAAAQAAJ&pg=PA29"
"Hölder, Luise","Q30500554","1763-02-24","1843-04-19","Die neugierige Pauline","Schauspiel in einem Akt","1835","","https://books.google.com/books?id=pWkHAAAAQAAJ&pg=PA105"
"Hölder, Luise","Q30500554","1763-02-24","1843-04-19","Die versäumte Lustreise","Schauspiel in einem Akt","1835","","https://books.google.com/books?id=pWkHAAAAQAAJ&pg=PA239"
"Hölder, Luise","Q30500554","1763-02-24","1843-04-19","Das Namensfest","Lustspiel in drei Aufzügen","1835","comedy","https://books.google.de/books?id=pWkHAAAAQAAJ&hl=de&pg=PA1"
"Hölder, Luise","Q30500554","1763-02-24","1843-04-19","Die Bescherung am St. Thomastage","Nachspiel in zwei Aufzügen","1835","","https://books.google.de/books?id=pWkHAAAAQAAJ&hl=de&pg=PA85"
"Hölder, Luise","Q30500554","1763-02-24","1843-04-19","Der Maskenball","Lustspiel in zwei Aufzügen","1835","comedy","https://books.google.de/books?id=pWkHAAAAQAAJ&hl=de&pg=PA133"
"Hölder, Luise","Q30500554","1763-02-24","1843-04-19","Der Geburtstag","Lustspiel in zwei Aufzügen","1835","comedy","https://books.google.de/books?id=pWkHAAAAQAAJ&hl=de&pg=PA209"
"Hölder, Luise","Q30500554","1763-02-24","1843-04-19","Die Nacht im Walde","Schauspiel in zwei Aufzügen","1835","","https://books.google.de/books?id=pWkHAAAAQAAJ&hl=de&pg=PA255"
"Hölder, Luise","Q30500554","1763-02-24","1843-04-19","Beth' und arbeit, Gott hilft alle Zeit","Lustspiel in einem Akt","1838","comedy","https://books.google.com/books?id=I5g6AAAAcAAJ&pg=PA81"
"Hölder, Luise","Q30500554","1763-02-24","1843-04-19","Die Morgenstunde / Hat Gold im Munde","Lustspiel in einem Akt","1838","comedy","https://books.google.com/books?id=I5g6AAAAcAAJ&pg=PA255"
"Hölder, Luise","Q30500554","1763-02-24","1843-04-19","Was der Mensch werth ist, widerfährt ihm. Oder: Es ist nichts so klar gesponnen, / Es kommt doch endlich an die Sonnen","Schauspiel in einem Akt","1838","","https://books.google.com/books?id=I5g6AAAAcAAJ&pg=PA39"
"Hölder, Luise","Q30500554","1763-02-24","1843-04-19","Was man in früher Jugend treibt / Auch später gerne hangen bleibt","Schauspiel in einem Akt. Fortsetzung. Nach einem Zeitraum von vier Jahren","1838","","https://books.google.com/books?id=I5g6AAAAcAAJ&pg=PA277"
"Hölder, Luise","Q30500554","1763-02-24","1843-04-19","Wer hoch steht, der sehe wohl zu, dass er nicht falle","Schauspiel in einem Akt. (Fortsetzung.)","1838","","https://books.google.com/books?id=I5g6AAAAcAAJ&pg=PA111"
"Hölder, Luise","Q30500554","1763-02-24","1843-04-19","Zuerst gethan, hernach bedacht, / Hat Manchen in gross Leid gebracht","Vorspiel in einem Akt. Fortsetzung","1838","","https://books.google.com/books?id=I5g6AAAAcAAJ&pg=PA307"
"Hölder, Luise","Q30500554","1763-02-24","1843-04-19","Der Schein betrügt","Schauspiel in zwei Akten","1838","","https://www.digitale-sammlungen.de/de/view/bsb10111323?page=13"
"Hölder, Luise","Q30500554","1763-02-24","1843-04-19","In der Noth erkennt man den Freund","Schauspiel in zwei Akten","1838","","https://www.digitale-sammlungen.de/de/view/bsb10111323?page=167"
"Hölder, Luise","Q30500554","1763-02-24","1843-04-19","Die guten Kinder sind der Eltern größter Segen","Schauspiel in drei Akten","1838","","https://www.digitale-sammlungen.de/de/view/bsb10111323?page=209"
"Hölder, Luise","Q30500554","1763-02-24","1843-04-19","Wie die Alten, so die Jugend","Drama in zwei Akten","1838","","https://www.digitale-sammlungen.de/de/view/bsb10111323?page=331"
"Imhoff, Amalie von","Q69439","1776-08-16","1831-12-17","Die Schwestern auf Corcyra","Eine dramatische Idylle in zwey Abtheilungen","1812","","https://www.digitale-sammlungen.de/de/view/bsb10128419?page=291"
"Knauff, Marie","Q94749982","1841-04-30","1895-02-08","Onkel Don Juan","Original-Lustspiel in einem Akt","1873","comedy","https://books.google.de/books?id=UO7hf8oBgxQC"
"Knauff, Marie","Q94749982","1841-04-30","1895-02-08","Wer zuletzt lacht","Schwank in einem Akt","1876","comedy","https://books.google.de/books?id=zaqXrVkAPL4C"
"Knauff, Marie","Q94749982","1841-04-30","1895-02-08","Die vergessenen Schuhe","Schwank in 1 Akt","1876","comedy","http://digital.onb.ac.at/OnbViewer/viewer.faces?doc=ABO_%2BZ255974600"
"Knauff, Marie","Q94749982","1841-04-30","1895-02-08","Redaktionsgeheimnisse","Lustspiel in einem Aufzug","1887","comedy","https://sammlungen.ulb.uni-muenster.de/hd/content/titleinfo/4188584"
"Krickeberg, Sophie Friederike","Q26878036","1770-12-24","1842-05-17","Gesänge aus Das Schützenfest","Singspiel in 2 Aufzügen","1820","","https://books.google.de/books?id=0bxgwm5TAQUC"
"Krickeberg, Sophie Friederike","Q26878036","1770-12-24","1842-05-17","Philipp","Drama in Einem Akt. Nach dem Französischen bearbeitet","1830","","https://books.google.com/books?id=elBcAAAAcAAJ&pg=PA137"
"Krickeberg, Sophie Friederike","Q26878036","1770-12-24","1842-05-17","Wer trägt die Schuld?","Lustspiel in Einem Akt. Aus dem Französischen des Scribe","1830","comedy","https://books.google.com/books?id=dWRcAAAAcAAJ&pg=PA81"
"Laddey, Emma","Q1338050","1841-05-09","1892-04-12","Antonio","Drama in fünf Akten","1868","","http://nbn-resolving.de/urn:nbn:de:hbz:6:1-216115"
"Laddey, Emma","Q1338050","1841-05-09","1892-04-12","Adele oder des Schicksals Wechsel","Schauspiel in fünf Akten","1868","","https://archive.org/details/laddey-1868-adele-oder-des-schicksals-wechsel"
"Laddey, Emma","Q1338050","1841-05-09","1892-04-12","Schneewittchen","Dramatisirtes Volksmärchen in fünf Akten","1870","","https://archive.org/details/laddey-1870-schneewittchen"
"Michl, Lina Magdalena von","Q133800473","","","Ein Beschützer der Deutschen in Rom vor 1700 Jahren","Historisches Charakter- und Sittengemälde in zwei Abteilungen","1850","","https://nbn-resolving.org/urn:nbn:de:hbz:6:1-208595"
"Michl, Lina Magdalena von","Q133800473","","","Ezilde oder Sieg der Christen bei Labrod","Drama in fünf Akten","1860","","https://books.google.lu/books?id=PY7A3UGvP9kC"
"Paoli, Betty","Q88749","1814-12-30","1894-07-05","Gringoire","Schauspiel in einem Akte","1872","","https://nbn-resolving.org/urn:nbn:de:hbz:6:1-226787"
"Pichler, Caroline","Q78814","1769-09-07","1843-07-09","Germanicus","Ein Trauerspiel in fünf Aufzügen","1813","tragedy","https://books.google.de/books?id=HUpIAAAAcAAJ"
"Pichler, Caroline","Q78814","1769-09-07","1843-07-09","Ferdinand der Zweyte, König von Ungarn und Böhmen","Schauspiel in fünf Aufzügen","1816","","https://books.google.de/books?id=NW87AAAAcAAJ&hl=de&pg=PA1"
"Pichler, Caroline","Q78814","1769-09-07","1843-07-09","Amalie von Mannsfeld","Schauspiel in drei Aufzügen","1822","","https://books.google.de/books?id=NW87AAAAcAAJ&pg=PA165"
"Pichler, Caroline","Q78814","1769-09-07","1843-07-09","Heinrich von Hohenstaufen, König der Deutschen","Trauerspiel in fünf Aufzügen","1822","tragedy","https://books.google.de/books?id=GLA6AAAAcAAJ&hl=de&pg=PA5"
"Pichler, Caroline","Q78814","1769-09-07","1843-07-09","Rudolf von Habsburg","Heroische Oper in drei Aufzügen","1822","","https://books.google.de/books?id=GLA6AAAAcAAJ&hl=de&pg=PA223"
"Pichler, Caroline","Q78814","1769-09-07","1843-07-09","Mathilde","Eine tragische Oper in drei Aufzügen","1822","tragedy","https://books.google.de/books?id=GLA6AAAAcAAJ&hl=de&pg=PA155"
"Pichler, Caroline","Q78814","1769-09-07","1843-07-09","Das befreite Deutschland","Eine in Tantatein zwei Abteilungen","1829","","https://books.google.de/books?id=3oYHAAAAQAAJ&hl=de&pg=PA239"
"Pichler, Caroline","Q78814","1769-09-07","1843-07-09","Wiedersehen","Ein kleines Schauspiel in zwei Aufzügen","1829","","https://books.google.de/books?id=3oYHAAAAQAAJ&hl=de&pg=PA153"
"Pierson, Karoline","Q1459744","1811-01-06","1899-04-02","Konradin von Schwaben","Historisch-romantisches Drama in drei Teilen","1834","","https://books.google.de/books?id=NIz4VrZwE1IC"
"Pierson, Karoline","Q1459744","1811-01-06","1899-04-02","Bertha von Bretagne","Romantische Oper in drei Akten","1835","","https://books.google.de/books?id=RmamP2m9BjUC"
"Pierson, Karoline","Q1459744","1811-01-06","1899-04-02","Meiste Albrecht Dürer","Drama in vier Aufzügen","1840","","https://books.google.de/books?id=weNRAAAAcAAJ"
"Prellwitz, Gertrud","Q110958","1869-04-05","1942-09-13","Oedipus oder Das Rätsel des Lebens","Tragödie in fünf Akten","1896","tragedy","https://books.google.de/books?id=99fKRPM3tgEC"
"Prellwitz, Gertrud","Q110958","1869-04-05","1942-09-13","Zwischen zwei Welten","Weihefestspiel in fünf Aufzügen","1899","","https://books.google.de/books?id=CGYuAAAAYAAJ"
"Pulvermacher, Auguste","Q103256001","1835-04-18","1898-12-13","Macht der Liebe","Lustspiel in fünf Akten","1881","comedy","https://books.google.de/books?id=JAFYvmB2zu0C"
"Pulvermacher, Auguste","Q103256001","1835-04-18","1898-12-13","Wer bezahlt?","Schwank in einem Akt","1882","comedy","https://books.google.de/books?id=w3VT-v5McrcC"
"Pulvermacher, Auguste","Q103256001","1835-04-18","1898-12-13","Falsche Wechsel","Komödie in drei Akten","1882","comedy","https://books.google.de/books?id=V9DorAVyJUwC"
"Pulvermacher, Auguste","Q103256001","1835-04-18","1898-12-13","Ehefesseln","Original-Lustspiel in einem Akte","1882","comedy","https://books.google.de/books?id=M3fy1hfBxmkC"
"Reinhardt, Friederike","Q18916763","1770-04-30","1843-11-11","Alte Liebe rostet nicht","Lustspiel in einem Akte","1835","comedy","https://books.google.com/books?id=KOw6AAAAcAAJ&pg=PA63"
"Reinhardt, Friederike","Q18916763","1770-04-30","1843-11-11","Das Probejahr","Lustspiel in einem Akte","1835","comedy","https://books.google.com/books?id=KOw6AAAAcAAJ&pg=PA93"
"Reinhardt, Friederike","Q18916763","1770-04-30","1843-11-11","Der gutgemeinte Irrthum","Lustspiel in einem Akte","1835","comedy","https://books.google.com/books?id=KOw6AAAAcAAJ&pg=PA35"
"Reinhardt, Friederike","Q18916763","1770-04-30","1843-11-11","Der Pelzrock. Nach einem Gedicht von St. Schütze","Lustspiel in einem Akte","1835","comedy","https://books.google.com/books?id=KOw6AAAAcAAJ&pg=PA161"
"Reinhardt, Friederike","Q18916763","1770-04-30","1843-11-11","Der St. Hubertus-Brunnen","Lustspiel in einem Akte","1835","comedy","https://books.google.com/books?id=KOw6AAAAcAAJ&pg=PA3 "
"Sachsen, Amalie von","Q69929","1794-08-10","1870-09-18","Der Oheim","Schauspiel in fünf Aufzügen","1836","","https://books.google.de/books?id=LQYTAAAAYAAJ&hl=de&pg=PA253"
"Sachsen, Amalie von","Q69929","1794-08-10","1870-09-18","Die Braut aus der Residenz","Lustspiel in zwei Aufzügen","1836","comedy","https://books.google.de/books?id=LQYTAAAAYAAJ&hl=de&pg=PA147"
"Sachsen, Amalie von","Q69929","1794-08-10","1870-09-18","Lüge und Wahrheit","Schauspiel in vier Aufzügen","1836","","https://books.google.de/books?id=LQYTAAAAYAAJ&hl=de&pg=PA1"
"Sachsen, Amalie von","Q69929","1794-08-10","1870-09-18","Der Verlobungsring","Lustspiel in vier Aufzügen","1837","comedy","https://books.google.de/books?id=5gkTAAAAYAAJ&hl=de&pg=PA305"
"Sachsen, Amalie von","Q69929","1794-08-10","1870-09-18","Der Landwirth","Lustspiel in vier Aufzügen","1837","comedy","https://books.google.de/books?id=5gkTAAAAYAAJ&hl=de&pg=PA141"
"Sachsen, Amalie von","Q69929","1794-08-10","1870-09-18","Die Fürstenbraut","Schauspiel in fünf Aufzügen","1837","","https://books.google.de/books?id=5gkTAAAAYAAJ&hl=de&pg=PA1"
"Sachsen, Amalie von","Q69929","1794-08-10","1870-09-18","Der Unentschlossene","Lustspiel in vier Aufzügen","1838","comedy","https://books.google.de/books?id=H2oQAAAAYAAJ&hl=de&pg=PA343"
"Sachsen, Amalie von","Q69929","1794-08-10","1870-09-18","Vetter Heinrich","Schauspiel in fünf Aufzügen","1838","","https://books.google.de/books?id=H2oQAAAAYAAJ&hl=de&pg=PA165"
"Sachsen, Amalie von","Q69929","1794-08-10","1870-09-18","Der Zögling","Lustspiel in vier Aufzügen","1838","comedy","https://books.google.de/books?id=H2oQAAAAYAAJ&hl=de&pg=PA1"
"Sachsen, Amalie von","Q69929","1794-08-10","1870-09-18","Das Fräulein vom Lande","Lustspiel in fünf Aufzügen","1839","comedy","https://books.google.de/books?id=ywgTAAAAYAAJ&hl=de&pg=PA283"
"Sachsen, Amalie von","Q69929","1794-08-10","1870-09-18","Der Pflegevater","Schauspiel in vier Aufzügen","1839","","https://books.google.de/books?id=ywgTAAAAYAAJ&hl=de&pg=PA141"
"Sachsen, Amalie von","Q69929","1794-08-10","1870-09-18","Der Majoratserbe","Lustspiel in vier Aufzügen","1839","comedy","https://books.google.de/books?id=ywgTAAAAYAAJ&hl=de&pg=PA1"
"Sachsen, Amalie von","Q69929","1794-08-10","1870-09-18","Pflicht und Liebe","Schauspiel in zwei Aufzügen","1841","","https://books.google.de/books?id=qXMQAAAAYAAJ&hl=de&pg=PA289"
"Sachsen, Amalie von","Q69929","1794-08-10","1870-09-18","Die Stieftochter","Lustspiel in vier Aufzügen","1841","comedy","https://books.google.de/books?id=qXMQAAAAYAAJ&hl=de&pg=PA127"
"Sachsen, Amalie von","Q69929","1794-08-10","1870-09-18","Die Unbelesene","Lustspiel in vier Aufzügen","1841","comedy","https://books.google.de/books?id=qXMQAAAAYAAJ&hl=de&pg=PA1"
"Sachsen, Amalie von","Q69929","1794-08-10","1870-09-18","Folgen einer Gartenbeleuchtung","Lustspiel in drei Aufzügen","1842","comedy","https://books.google.de/books?id=TXQQAAAAYAAJ&hl=de&pg=PA293"
"Sachsen, Amalie von","Q69929","1794-08-10","1870-09-18","Die Heimkehr des Sohnes","Schauspiel in vier Aufzügen","1842","","https://books.google.de/books?id=TXQQAAAAYAAJ&hl=de&pg=PA163"
"Sachsen, Amalie von","Q69929","1794-08-10","1870-09-18","Capitain Firnewald","Lustspiel in vier Aufzügen","1842","comedy","https://books.google.de/books?id=TXQQAAAAYAAJ&hl=de&pg=PA1"
"Sachsen, Amalie von","Q69929","1794-08-10","1870-09-18","Regine","Schauspiel in fünf Aufzügen","1844","","https://books.google.de/books?id=o2c6AAAAcAAJ&hl=de&pg=PA251"
"Sachsen, Amalie von","Q69929","1794-08-10","1870-09-18","Der alte Herr","Lustspiel in zwei Aufzügen","1844","comedy","https://books.google.de/books?id=o2c6AAAAcAAJ&hl=de&pg=PA141"
"Sachsen, Amalie von","Q69929","1794-08-10","1870-09-18","Der Siegelring","Schauspiel in vier Aufzügen","1844","","https://books.google.de/books?id=o2c6AAAAcAAJ&hl=de&pg=PA1"
"Salburg, Edith von","Q19187925","1868-10-14","1942-12-03","Scheinehre","Ein Lustspiel in vier Akten","1884","comedy","https://books.google.de/books?id=m1c7AQAAMAAJ"
"Salburg, Edith von","Q19187925","1868-10-14","1942-12-03","Ein Cäsar","Historisches Trauerspiel in fünf Akten","1889","tragedy","https://books.google.de/books?id=UAf5wMIffGsC"
"Schabelsky, Elsa von","Q4519117","1860-04-18","1917-08-15","Der berühmte Mann","Lustspiel in vier Akten","1895","comedy","https://nbn-resolving.org/urn:nbn:de:hbz:6-53649480159"
"Schmidt, Elise","Q16471517","1824-10-01","1911-07-28","Der Genius und die Gesellschaft","Trauerspiel","1849","tragedy","https://books.google.de/books?id=LoJDAQAAMAAJ&hl=de&pg=PA1"
"Schmidt, Elise","Q16471517","1824-10-01","1911-07-28","Judas Ischarioth","Ein dramatisches Gedicht in fünf Abtheilungen","1851","","https://books.google.de/books?id=GEY08t8BaZwC"
"Schmidt, Elise","Q16471517","1824-10-01","1911-07-28","Macchiavelli","Eine politische Tragödie","1852","tragedy","https://books.google.de/books?id=LoJDAQAAMAAJ&hl=de&pg=RA1-PA1"
"Schmidt, Elise","Q16471517","1824-10-01","1911-07-28","Peter der Große und sein Sohn","Geschichtliches Trauerspiel","1854","tragedy","https://books.google.de/books?id=LoJDAQAAMAAJ&hl=de&pg=RA2-PA1"
"Schmidt, Elise","Q16471517","1824-10-01","1911-07-28","Brandenburg's Erster Friedrich","Geschichtlich-vaterländisches Schauspiel in fünf Akten","1860","","https://books.google.de/books?id=ByM7AAAAcAAJ"
"Spranger, Theophania","Q133800705","","","Leonin oder eine Doppelehe am Hofe Ludwig XIV","Drama in fünf Akten","1863","","https://books.google.de/books?id=i22IhB_iirEC"
"Spranger, Theophania","Q133800705","","","Ildico oder die Römerin im Hunnenlager","Historisches Drama in fünf Akten","1864","tragedy","https://nbn-resolving.org/urn:nbn:de:hbz:6:1-209311"
"Tieck, Sophie","Q98808","1775-02-18","1833-10-12","Die Bezauberungen der Nacht","Ein dramatisirtes Mährchen","1802","","https://books.google.de/books?id=AK1LAAAAcAAJ&hl=de&pg=PA311"
"Tieck, Sophie","Q98808","1775-02-18","1833-10-12","Die Alte vom Bach","","1804","","https://books.google.de/books?id=gapIAAAAcAAJ&hl=de&pg=PA1"
"Tieck, Sophie","Q98808","1775-02-18","1833-10-12","Die Brüder","","1804","","https://books.google.de/books?id=gapIAAAAcAAJ&hl=de&pg=PA131"
"Tieck, Sophie","Q98808","1775-02-18","1833-10-12","Frühlingszauber","","1804","","https://books.google.de/books?id=gapIAAAAcAAJ&hl=de&pg=PA259"
"Tieck, Sophie","Q98808","1775-02-18","1833-10-12","Egidio und Isabella","Ein Trauerspiel in drei Aufzügen","1807","tragedy","https://books.google.de/books?id=spE_AAAAYAAJ&pg=PA183"
"Tuhten, Anna","Q107325768","1842-11-20","","Die Cameraderie oder Eine Hand wäscht die andere","Lustspiel in fünf Aufzügen","1880","comedy","https://nbn-resolving.org/urn:nbn:de:hbz:6:1-229376"
"Viebig, Clara","Q71465","1860-07-17","1952-07-31","Barbara Holzer","Schauspiel in drei Akten","1897","","https://archive.org/details/barbaraholzersch00vieb/mode/2up"
"Viebig, Clara","Q71465","1860-07-17","1952-07-31","Pharisäer","Komödie in drei Akten","1899","comedy","https://archive.org/details/phariserkomdiei00viebgoog/mode/1up"
"Wedel-Bérard, Elisabeth von","Q63681450","1905-01-21","1905-09-18","Glücklicher Zufall Nr. 333","Lustspiel in einem Akt","1887","comedy","https://nbn-resolving.org/urn:nbn:de:hbz:6-85659522089"
"Wedel-Bérard, Elisabeth von","Q63681450","1905-01-21","1905-09-18","Kurirt","Lustspiel in einem Akt","1887","comedy","https://nbn-resolving.org/urn:nbn:de:hbz:6-85659522096"
"Wedel-Bérard, Elisabeth von","Q63681450","1905-01-21","1905-09-18","Ein Weihnachtsabend in England","Familien-Gemälde in einem Akt","1887","","https://nbn-resolving.org/urn:nbn:de:hbz:6-85659522102"
"Weißenthurn, Johanna von","Q1696932","1772-02-16","1847-05-17","Das Nachspiel","Ein Lustspiel in einem Aufzuge","1800","comedy","https://books.google.de/books?id=Fc5gAAAAcAAJ&hl=de&pg=PA173"
"Weißenthurn, Johanna von","Q1696932","1772-02-16","1847-05-17","Deutsche Treue","Ein Schauspiel in einem Aufzuge","1804","","https://books.google.de/books?id=Rl8HAAAAQAAJ&hl=de&pg=PA223"
"Weißenthurn, Johanna von","Q1696932","1772-02-16","1847-05-17","Der Reukauf","Lustspiel in zwei Aufzügen","1804","comedy","https://books.google.de/books?id=Rl8HAAAAQAAJ&hl=de&pg=PA163"
"Weißenthurn, Johanna von","Q1696932","1772-02-16","1847-05-17","Ein Haus zu verkaufen","Lustspiel in einem Aufzuge. Nach dem Französischen frey bearbeitet","1804","comedy","https://books.google.de/books?id=Rl8HAAAAQAAJ&hl=de&pg=PA117"
"Weißenthurn, Johanna von","Q1696932","1772-02-16","1847-05-17","Kindliche Liebe","Ein Schauspiel in fünf Aufzügen","1804","","https://books.google.de/books?id=Rl8HAAAAQAAJ&hl=de&pg=PA1"
"Weißenthurn, Johanna von","Q1696932","1772-02-16","1847-05-17","Das Mißverständniß","Ein Lustspiel in einem Aufzuge","1804","comedy","https://archive.org/details/schauspiele03weis/page/212/mode/2up"
"Weißenthurn, Johanna von","Q1696932","1772-02-16","1847-05-17","Das Waisenhaus","Schauspiel in zwei Aufzügen","1809","","https://books.google.de/books?id=EGAHAAAAQAAJ&hl=de&pg=PA201"
"Weißenthurn, Johanna von","Q1696932","1772-02-16","1847-05-17","Die erste Liebe","Lustspiel in drei Aufzügen","1809","comedy","https://books.google.de/books?id=EGAHAAAAQAAJ&hl=de&pg=PA113"
"Weißenthurn, Johanna von","Q1696932","1772-02-16","1847-05-17","Die Bestürmung von Smolensk","Ein romantisches Schauspiel in vier Aufzügen","1809","","https://books.google.de/books?id=EGAHAAAAQAAJ&hl=de&pg=PA1"
"Weißenthurn, Johanna von","Q1696932","1772-02-16","1847-05-17","Die Ehescheuen","Ein Lustspiel in einem Act","1809","comedy","https://books.google.de/books?id=7V8HAAAAQAAJ&hl=de&pg=PA207"
"Weißenthurn, Johanna von","Q1696932","1772-02-16","1847-05-17","Die Versöhnung","Ein Schauspiel in drei Aufzügen","1809","","https://books.google.de/books?id=7V8HAAAAQAAJ&hl=de&pg=PA111"
"Weißenthurn, Johanna von","Q1696932","1772-02-16","1847-05-17","Der Wald bei Hermannstadt","Ein romantisches Schauspiel in vier Aufzügen. Nach dem Französischen","1809","","https://books.google.de/books?id=7V8HAAAAQAAJ&hl=de&pg=PA1"
"Weißenthurn, Johanna von","Q1696932","1772-02-16","1847-05-17","Unterthanenliebe","Lustspiel in zwei Aufzügen","1809","comedy","https://books.google.de/books?id=1V8HAAAAQAAJ&hl=de&pg=PA189"
"Weißenthurn, Johanna von","Q1696932","1772-02-16","1847-05-17","Die Radikalkur","Original-Lustspiel in drei Aufzügen","1809","comedy","https://books.google.de/books?id=1V8HAAAAQAAJ&hl=de&pg=PA101"
"Weißenthurn, Johanna von","Q1696932","1772-02-16","1847-05-17","Adelheid, Markgräfin von Burgau","Romantisches Schauspiel in vier Aufzügen","1809","","https://books.google.de/books?id=1V8HAAAAQAAJ&hl=de&pg=PA1"
"Weißenthurn, Johanna von","Q1696932","1772-02-16","1847-05-17","Das Frühstück","Lustspiel in einem Aufzuge. Nach dem Französischen","1810","comedy","https://books.google.de/books?id=1V8HAAAAQAAJ&hl=de&pg=PA253"
"Weißenthurn, Johanna von","Q1696932","1772-02-16","1847-05-17","Beschämte Eifersucht","Ein Lustspiel in drei Aufzügen","1810","comedy","https://books.google.de/books?id=Fc5gAAAAcAAJ&hl=de&pg=PA93"
"Weißenthurn, Johanna von","Q1696932","1772-02-16","1847-05-17","Die Drusen","Ein Schauspiel in vier Aufzügen","1810","","https://books.google.de/books?id=Fc5gAAAAcAAJ&hl=de&pg=PA205"
"Weißenthurn, Johanna von","Q1696932","1772-02-16","1847-05-17","Liebe und Entsagung","Ein Schauspiel in drei Aufzügen","1810","","https://books.google.de/books?id=Fc5gAAAAcAAJ&hl=de&pg=PA1"
"Weißenthurn, Johanna von","Q1696932","1772-02-16","1847-05-17","Die Erben","Ein Lustspiel in vier Aufzügen","1810","comedy","https://archive.org/details/schauspiele03weis/page/n5/mode/2up"
"Weißenthurn, Johanna von","Q1696932","1772-02-16","1847-05-17","Totila, König der Gothen","Ein Schauspiel in fünf Aufzügen","1810","","https://archive.org/details/schauspiele03weis/page/124/mode/2up"
"Weißenthurn, Johanna von","Q1696932","1772-02-16","1847-05-17","Künstler-Dank","Eine dramatische Scene","1815","","https://books.google.de/books?id=7o9lAAAAcAAJ"
"Weißenthurn, Johanna von","Q1696932","1772-02-16","1847-05-17","Das Consilium","Lustspiel in einem Aufzuge","1816","comedy","https://books.google.com/books?id=p85gAAAAcAAJ&pg=PA269"
"Weißenthurn, Johanna von","Q1696932","1772-02-16","1847-05-17","Herrmann","Ein geschichtliches Schauspiel in fünf Aufzügen","1817","","https://books.google.de/books?id=C4IHAAAAQAAJ&hl=de&pg=RA2-PA1"
"Weißenthurn, Johanna von","Q1696932","1772-02-16","1847-05-17","Die Schweitzerhütte am Rheinfall","Ein Lustspiel in einem Aufzuge. Nach einer wahren Begebenheit im Jahre 1813","1817","comedy","https://books.google.de/books?id=C4IHAAAAQAAJ&hl=de&pg=RA1-PA167"
"Weißenthurn, Johanna von","Q1696932","1772-02-16","1847-05-17","Ruprecht, Graf zu Hornek","Trauerspiel in 5 Aufzügen","1822","tragedy","https://books.google.de/books?id=-8IkX4uEFzwC&redir_esc=y"
"Weißenthurn, Johanna von","Q1696932","1772-02-16","1847-05-17","Ein Mann hilft dem andern!","Lustspiel in einem Aufzuge","1823","comedy","https://books.google.de/books?id=Q604tmzwKCsC"
"Weißenthurn, Johanna von","Q1696932","1772-02-16","1847-05-17","Es spukt","Ein Lustspiel in zwei Aufzügen","1823","comedy","https://books.google.de/books?id=C4IHAAAAQAAJ&hl=de&pg=RA1-PA107"
"Weißenthurn, Johanna von","Q1696932","1772-02-16","1847-05-17","Johann, Herzog von Finnland","Schauspiel in fünf Aufzügen","1823","","https://books.google.de/books?id=C4IHAAAAQAAJ&hl=de&pg=PA1"
"Weißenthurn, Johanna von","Q1696932","1772-02-16","1847-05-17","Die Engländerin","Lustspiel in einem Aufzuge","1824","comedy","https://books.google.com/books?id=LzRiIHvtkQ4C&pg=PA223"
"Weißenthurn, Johanna von","Q1696932","1772-02-16","1847-05-17","Der Traum","Lustspiel in einem Aufzuge","1826","comedy","https://nbn-resolving.org/urn:nbn:de:hbz:061:1-73942"
"Weißenthurn, Johanna von","Q1696932","1772-02-16","1847-05-17","Das letzte Mittel","Lustspiel in vier Aufzügen","1826","comedy","https://books.google.de/books?id=PbieYvhAsbkC"
"Weißenthurn, Johanna von","Q1696932","1772-02-16","1847-05-17","Die Reise nach Amerika","Schauspiel in einem Aufzuge","1826","","https://books.google.com/books?id=LzRiIHvtkQ4C&pg=PA189"
"Weißenthurn, Johanna von","Q1696932","1772-02-16","1847-05-17","So lohnt sich die Kunst","Vorspiel zum vierten Oktober","1832","","https://books.google.de/books?id=f-T_9AUYUX0C"
"Weißenthurn, Johanna von","Q1696932","1772-02-16","1847-05-17","Der Brautschleyer","Lustspiel in einem Aufzuge","1833","comedy","https://books.google.com/books?id=TuJWAAAAYAAJ&pg=PA189"
"Weißenthurn, Johanna von","Q1696932","1772-02-16","1847-05-17","Alles aus Freundschaft","Lustspiel in einem Aufzuge","1839","comedy","https://books.google.com/books?id=LzRiIHvtkQ4C&pg=PA223"
"Weißenthurn, Johanna von","Q1696932","1772-02-16","1847-05-17","Die stille Braut","Eine Alpensage in einem Akt","1848","","https://books.google.com/books?id=oeJWAAAAYAAJ&pg=PA153"
"Werner, Pauline","Q1465959","1810-09-16","1877-07-31","Frage und Antwort","Dramatischer Scherz in einem Akt","1843","comedy","https://books.google.com/books?id=ZnJIAQAAMAAJ&pg=PA209 "
"Wolff, Ulla","Q64847583","1850-04-02","1924-06-01","Der Herr College","Schauspiel in vier Akten","1877","","https://books.google.de/books?id=2NEy6Y-WPtEC"
"Young, Betty","Q94530827","1832-05-24","1887-09-26","Die rothe Liesel","Charakterbild mit Gesang in sechs Abtheilungen und einem Vorspiele unter dem Titel: Eine Selbstmörderin","1864","","https://books.google.de/books?id=CyBFZbAlRwgC"
"Young, Betty","Q94530827","1832-05-24","1887-09-26","Mädchenträume","Liederspiel in einer Szene","1869","","https://www.digital.wienbibliothek.at/wbrobv/content/zoom/1968665"
"Young, Betty","Q94530827","1832-05-24","1887-09-26","Nach der letzten Redoute","Scherz in einem Akt","1869","comedy","https://books.google.de/books?id=Y0ciwjNPqwIC"
"Young, Betty","Q94530827","1832-05-24","1887-09-26","Frau Othello","Schwank in einem Act","1869","comedy","https://books.google.de/books?id=5q1OVzjSxhUC"
"Young, Betty","Q94530827","1832-05-24","1887-09-26","Ein amerikanisches Duell","Lustspiel in einem Aufzuge","1872","comedy","https://resolver.obvsg.at/urn:nbn:at:AT-WBR-60826"
"Young, Betty","Q94530827","1832-05-24","1887-09-26","Ehemann auf Probe","Lustspiel in einem Akt","1872","comedy","https://books.google.de/books?id=-O0r-E0RluYC"
"Young, Betty","Q94530827","1832-05-24","1887-09-26","Die beiden Giftmischerinen","Scherz in einem Aufzug","1872","comedy","https://www.digital.wienbibliothek.at/wbrobv/content/pageview/1969446"
"Young, Betty","Q94530827","1832-05-24","1887-09-26","Durch Champagner","Lustspiel in einem Aufzuge","1876","comedy","https://books.google.de/books?id=3NR3MmqqUKkC"
"Zay, Marie von","Q55904408","1779-02-23","1842-04-01","Die unsichtbaren Liebhaber auf der Probe","Ein Lustspiel in einem Aufzuge","1820","comedy","https://books.google.com/books?id=NbBIAAAAcAAJ&pg=PA285 "
"Zay, Marie von","Q55904408","1779-02-23","1842-04-01","Die drollige Withwe","Ein Lustspiel in zwei Akten. Nach einer historischen Anekdote.","1820","comedy","https://books.google.de/books?id=NbBIAAAAcAAJ&hl=de&pg=PA5"
"Zay, Marie von","Q55904408","1779-02-23","1842-04-01","Der Schooßhund","Ein Lustspiel in zwei Aufzügen","1820","comedy","https://books.google.de/books?id=NbBIAAAAcAAJ&hl=de&pg=PA59"
"Zay, Marie von","Q55904408","1779-02-23","1842-04-01","Die geheilte Eifersucht","Ein Lustspiel in zwei Akten","1820","comedy","https://books.google.de/books?id=NbBIAAAAcAAJ&hl=de&pg=PA155"
"Zay, Marie von","Q55904408","1779-02-23","1842-04-01","Das Bild, oder die seltsame Geliebte","Ein Lustspiel in drei Aufzügen. Nach einer französischen Erzählung frei bearbeitet","1820","comedy","https://books.google.de/books?id=NbBIAAAAcAAJ&hl=de&pg=PA203"
"Ziegler, Klara","Q1744427","1844-04-27","1909-12-19","Furcht vor der Schwiegermutter","Schwank in einem Aufzug","1896","comedy","http://data.onb.ac.at/rep/131E88B5"
"Ziegler, Klara","Q1744427","1844-04-27","1909-12-19","Türmers Weihnachtsfest","Ernstes Lebensbild in einem Akt","1897","tragedy","https://mdz-nbn-resolving.de/urn:nbn:de:bvb:12-bsb11818798-9"
"Ziegler, Klara","Q1744427","1844-04-27","1909-12-19","Türmers Osterfest","Heiteres Lebensbild in einem Akt","1897","comedy","https://www.digitale-sammlungen.de/de/view/bsb11818798?page=36,37"
